{"cameraMode":{"drawMode":0,"name":"Shaded","section":"Shading Mode"},"sceneLighting":false,"audioPlay":false,"sceneViewState":{"m_AlwaysRefresh":false,"showFog":true,"showSkybox":false,"showFlares":true,"showImageEffects":true,"showParticleSystems":true,"showVisualEffectGraphs":true,"m_FxEnabled":true},"in2DMode":false,"pivot":{"x":-1.8434829711914063,"y":1.4386416673660279,"z":-0.5662248134613037},"rotation":{"x":-0.18296797573566438,"y":-0.40957531332969668,"z":0.08422378450632096,"w":-0.8897624015808106},"size":1.255826473236084,"orthographic":false}